{
	"id": "flash",
	"Name":"Flash grenade",
	"Description":"Spawn flash grenade",
	"TIM":
	{
		"Count":
		{
			"Name":"Count",
			"Type":"NumberBox",
			"LessThanZero":false,
			"defaultValue":1,
			"maxValue":15
		},
		"spawnType":
		{
			"Name":"Spawn type",
			"Type":"ComboBox",
			"defaultValue":1,
			"Items":
			[
				{
					"name":"onPlayer",
					"text":"On player"
				},
				{
					"name":"inFront",
					"text":"In front of the player"
				}
			]
		}
		"instantly":
		{
			"Name":"Detonate instantly",
			"Type":"Toggle",
			"defaultValue":false
		}
	}
}