{
	"id": "flash",
	"Name":"Flash grenade",
	"Description":"Spawn flash grenade",
	"TIM":
	{
		"Count":
		{
			"Name":"Count",
			"Type":"NumberBox",
			"LessThanZero":false,
			"defaultValue":1,
			"maxValue":100
		},
		"spawnType":
		{
			"Name":"Spawn type",
			"Type":"ComboBox",
			"Items":
			[
				{
					"name":"onPlayer",
					"text":"On player"
				},
				{
					"name":"inFront",
					"text":"In front of the player"
				}
			]
		}
		"instantly":
		{
			"Name":"Explode instantly",
			"Type":"Toggle"
		}
	}
}