{
	"id": "speed",
	"Name":"Change speed",
	"Description":"Changes your movement speed for few seconds",
	"TIM":
	{
		"Timers_max":
		{
			"Name":"Time",
			"Type":"NumberBox",
			"LessThanZero":false,
			"defaultValue":1
		},
		"Limit_percent":
		{
			"Name":"Speed (%)",
			"Type":"NumberBox",
			"LessThanZero":true,
			"defaultValue":0,
			"maxValue":100
		},
		"spawnType":
		{
			"Name":"Spawn type",
			"Type":"ComboBox",
			"Items":
			[
				{
					"name":"onPlayer",
					"text":"On player"
				},
				{
					"name":"inFront",
					"text":"In front of the player"
				}
			]
		}
	}
}