<?xml version="1.0"?>
<mod name="Twitch Integration Mod" global_key="TIM" core_class="TIM.lua" min_lib_ver="3.0">
   
	<Hooks directory="Hooks">
		<hook source_file="lib/managers/hud/hudchat" file="HUDChat.lua"/>
		<hook source_file="lib/managers/hud/hudheisttimer" file="spawn.lua"/>
		<hook source_file="lib/units/beings/player/states/playerstandard" file="cop.lua"/>
		<hook source_file="lib/units/enemies/cop/copdamage" file="damage.lua"/>
		<hook source_file="lib/tweak_data/tweakdata" file="packages.lua"/>
		<hook source_file="lib/managers/chatmanager" file="chatmanager.lua"/>
		<hook source_file="lib/network/base/networkpeer" file="networkpeer.lua"/>
		<hook source_file="lib/utils/levelloadingscreenguiscript" file="level.lua"/>
		<hook source_file="lib/managers/group_ai_states/groupaistatebase" file="groupai.lua"/>
		<hook source_file="lib/network/base/basenetworksession" file="network.lua"/>
		<hook source_file="lib/managers/statisticsmanager" file="statisticsmanager.lua"/>
	</Hooks>
	<Options build_menu="false" auto_load="true">
		<options>
         <option type="string" default_value="f10" name="TWToggleKey"/>
			<option name="Saved" type="table">
				<default_value/>
			</option>
		</options>
	</Options>
	
	<AddFiles directory="assets">
		<png path="guis/textures/icons/TwitchIcon"/>
		<png path="guis/textures/icons/close"/>
		<png path="guis/textures/icons/delete"/>
		<png path="guis/textures/icons/settings"/>
		<bik path="sounds/heal_sound"/>
		<bik path="sounds/ammo_sound"/>
		<bik path="safe_data/common-1"/>
		<bik path="safe_data/epic-1"/>
		<bik path="safe_data/legend-1"/>
		<bik path="safe_data/rare-1"/>
		<bik path="safe_data/uncommon-1"/>
		<bik path="safe_data/tick_sound"/>
		<effect path="safe_data/common-1"/>
		<effect path="safe_data/uncommon-1"/>
		<effect path="safe_data/epic-1"/>
		<effect path="safe_data/rare-1"/>
		<effect path="safe_data/legend-1"/>
		<texture path="safe_data/common_frame"/>
		<texture path="safe_data/uncommon_frame"/>
		<texture path="safe_data/rare_frame"/>
		<texture path="safe_data/epic_frame"/>
		<texture path="safe_data/legendary_frame"/>
		<texture path="guis/textures/icons/broadcaster_1"/>
		<texture path="guis/textures/icons/moderator_1"/>
		<texture path="guis/textures/icons/ammo"/>
		<texture path="guis/textures/icons/heal"/>
		<texture path="safe_data/statboost1"/>
		<texture path="safe_data/statboost2"/>
		<texture path="safe_data/statboost3"/>
		<texture path="safe_data/statboost4"/>
		<texture path="safe_data/statboost5"/>
		<texture path="safe_data/boosticon"/>
		<texture path="safe_data/animation/Cadr 1"/>
		<texture path="safe_data/animation/Cadr 2"/>
		<texture path="safe_data/animation/Cadr 3"/>
		<texture path="safe_data/animation/Cadr 4"/>
		<texture path="safe_data/animation/Cadr 5"/>
		<texture path="safe_data/animation/Cadr 6"/>
		<texture path="safe_data/animation/Cadr 7"/>
		<texture path="safe_data/animation/Cadr 8"/>
		<texture path="safe_data/animation/Cadr 9"/>
		<texture path="safe_data/animation/Cadr 10"/>
		<texture path="safe_data/animation/Cadr 11"/>
		<texture path="safe_data/animation/Cadr 12"/>
		<texture path="safe_data/animation/Cadr 13"/>
		<texture path="safe_data/animation/Cadr 14"/>
		<texture path="safe_data/animation/Cadr 15"/>
		<texture path="safe_data/animation/Cadr 16"/>
		<texture path="safe_data/animation/Cadr 17"/>
		<texture path="safe_data/animation/Cadr 18"/>
		<texture path="safe_data/animation/Cadr 19"/>
		<texture path="safe_data/animation/Cadr 20"/>
		<texture path="safe_data/animation/Cadr 21"/>
		<texture path="safe_data/animation/Cadr 22"/>
		<texture path="safe_data/animation/Cadr 23"/>
		<texture path="safe_data/animation/Cadr 24"/>
		<texture path="safe_data/animation/Cadr 25"/>
		<texture path="safe_data/animation/Cadr 26"/>
		<texture path="safe_data/animation/Cadr 27"/>
		<texture path="safe_data/animation/Cadr 28"/>
		<texture path="safe_data/animation/Cadr 29"/>
		<texture path="safe_data/animation/Cadr 30"/>
		<texture path="safe_data/animation/Cadr 31"/>
		<texture path="safe_data/animation/Cadr 32"/>
		<texture path="safe_data/animation/Cadr 33"/>
		<texture path="safe_data/animation/Cadr 34"/>
		<texture path="safe_data/animation/Cadr 35"/>
		<texture path="safe_data/animation/Cadr 36"/>
		<texture path="safe_data/animation/Cadr 37"/>
		<texture path="safe_data/animation/Cadr 38"/>
		<texture path="safe_data/animation/Cadr 39"/>
		<texture path="safe_data/animation/Cadr 40"/>
		<texture path="safe_data/animation/Cadr 41"/>
		<texture path="safe_data/animation/Cadr 42"/>
		<texture path="safe_data/animation/Cadr 43"/>
		<texture path="safe_data/animation/Cadr 44"/>
		<texture path="safe_data/animation/Cadr 45"/>
		<texture path="guis/textures/icons/twch"/>		
		<texture path="dozer_safe/Black Dozer"/>
		<texture path="guis/textures/black"/>
		<texture path="dozer_safe/Green Dozer"/>
		<texture path="dozer_safe/Headless Dozer"/>
		<texture path="safe_data/line"/>
		<texture path="dozer_safe/Medic Dozer"/>
		<texture path="dozer_safe/Minigun Dozer"/>
		<texture path="dozer_safe/Skull Dozer"/>
		

	</AddFiles>
	
</mod>

