{
	"id": "killpixel",
	"Name":"Dead pixels",
	"Description":"Kills random pixels or recover them for whole heist",
	"Category":"Player effects",
	"TIM":
	{
		"Count":
		{
			"Name":"Count",
			"Type":"NumberBox",
			"minValue":1,
			"defaultValue":1,
			"maxValue":1000
		},
		"size":
		{
			"Name":"Size",
			"Type":"NumberBox",
			"minValue":1,
			"defaultValue":1,
			"maxValue":50
		},
		"kill":
		{
			"Name":"Recover",
			"Type":"Toggle",
			"defaultValue":false
		}
	}
}
