{
	"Warning" : "Warning!",
	"OAUTH_Warning_text": "Before entering the OAUTH token, make sure that no one can see it. Are you sure you want to enter?"
	"Yes":"YES",
	"No":"NO",
	"OAUTH_code":"OAUTH token",
	"Your_OAUTH_code":"Your OAUTH token:",
	"Enter":"Enter",
	"Cancel":"Cancel",
	"Settings":"MOD SETTINGS",
	"Twitch_login":"Twitch login",
	"TwitchIntegrationMod":"Twitch Integration Mod",
	"Twitch_Chat_in_game":"Twitch Chat in game",
	"Channel_Points":"Channel Points",
	"Launch_bot_on_game_start":"Activate mod on game start",
	"SET_OAUTH_KEY":"SET OAUTH TOKEN",
	"LAUNCH_BOT":"MOD: OFF",
	"STOP_BOT":"MOD: ON",
	"EXTRA_SETTINGS":"EXTRA SETTINGS",
	"CREATE_NEW_REWARD":"CREATE NEW REWARD",
	"Channel_Points_Rewards":"Channel Points Rewards",
	"Default_Channel_Points_Rewards":"Default Channel Points Rewards",
	"REWARD":"REWARD",
	"Title":"Title",
	"Description":"Description",
	"Cost":"Cost",
	"Tactic_mode":"Tactic mode",
	"Stealth":"Stealth",
	"Loud":"Loud",
	"StealthLoud":"Stealth & Loud",
	"Enabled":"Enabled",
	"Color":"Color",
	"Max_per_stream":"Max per stream",
	"Max_per_user_per_stream":"Max per user per stream",
	"Global_cooldown_minutes":"Global cooldown (minutes)",
	"Should_redemptions_skip_request_queue":"Should redemptions skip request queue",
	"ADD_NEW_EFFECT":"ADD NEW EFFECT",
	"Effects":"Effects",
	"Response":"Response: ",
	"OK":"OK",
	"OpenMenu":"Open menu",
	"ERROR_cant_load_reward":" - ERROR: can't load reward",
	"Lets_get_started":"LET'S GET STARTED",
	"Welcome":"Welcome to Twitch Integration Mod BETA. This is a tutorial to help you fully customize the mod for yourself.",
	"step1_Text1":"First, you need to enter your Twitch login",
	"step1_Text2":"It can be found in your channel link",
	"step1_Text3":"Or when you enter it when you log into your account",
	"step1_Text4":"You must enter your twitch login!",
	"step1_button":"CONTINUE",
	"step2_button":"BACK",
	"step2_button2":"LINK",
	"step2_button3":"ENTER OAUTH TOKEN",
	"step2_Text1":"Secondly, you need to generate your OAUTH token, you need it for channel points, polls, etc",
	"step2_Text2":"You need to follow the link to do this",
	"step2_Text3":"You will need to allow access to the twitch account",
	"step2_Text4":"After generation, copy the ACCESS TOKEN and paste it in",
	"step2_Text5":"You must enter your OAUTH token!",
	"step3_Text1":"Congrats! You have set the necessary parameters for the mod to work",
	"step3_Text2":"Now you can setup your global events, channel points rewards and ChatAI rewards",
	"startBotHelp":"Click here to connect mod and twitch",
	"modSettingsHelp":"Click here to setup your Twitch information and some mod settings",
	"globalEvents":"GLOBAL EVENTS",
	"channelPoints":"CHANNEL POINTS REWARDS",
	"globalEventsHelp":"Click here to setup your global events, that viewers can choose in polls",
	"channelPointsHelp":"Click here to setup your channel points rewards, that viewers can redeem while you are in a heist",
	"Global_events":"Global events",
	"ChatAI":"Chat AI",
	"CHATAI":"CHAT AI",
	"CustomRewards":"CUSTOM REWARDS",
	"DefaultRewards":"DEFAULT REWARDS",
	"CustomRewardsHelp":"",
	"Global_events_settings":"POLL SETTINGS",
	"events_list":"EVENTS LIST",
	"PollsStartDelay":"Delay after heist starts",
	"PollsCooldown":"Polls cooldown",
	"PollsCPEnabled":"Channel points for vote",
	"PollsBitsPerVote":"Bits price",
	"PollsCPPerVote":"Channel points price",
	"PollsBitsEnabled":"Bits for vote",
	"PollsVariantsCount":"Choices count",
	"PollsDuration":"Duration for the poll",
	"PollText":"Next event?",
	"GameMode":"Game mode",
	"Upgrades_settings":"UPGRADES SETTINGS",
	"Default_upgrade_price":"Default upgrade price",
	"Upgrade_price_step_per_level":"Upgrade price increase",
	"SpawnColor":"Spawn character color",
	"CharacterStatusColor":"Character status color",
	"DefaultUpgradeColor":"Upgrade character color",
	"RestoreHealthColor":"Restore health color",
	"IncreaseDamageColor":"Increase damage color",
	"DropAmmoColor":"Drop ammo color",
	"SpawnPrice":"Spawn character price",
	"CharacterStatusPrice":"Character status price",
	"DefaultUpgradePrice":"Upgrade character price",
	"RestoreHealthPrice":"Restore health price",
	"IncreaseDamagePrice":"Increase damage price",
	"DropAmmoPrice":"Drop ammo price",
	"Maximum_upgrade_level":"Maximum upgrade level",
	"none":"none",
	"load_reward_fail":"Failed to load the reward. Do you want to recreate it?",
	"DropAmmo":"Drop ammo",
	"RestoreHealth":"Restore health",
	"SpawnCharacter":"Spawn character",
	"CharacterStatus":"Character status",
	"DefaultUpgrade":"Upgrade character",
	"IncreaseDamage":"Increase damage",
	"EnableRewardMessage":"Redeemed rewards in chat",
	"disableAllRewards":"DISABLE ALL",
	"enableAllRewards":"ENABLE ALL",
	"deleteAllRewards":"DELETE ALL",
	"TwitchBotDLL_is_missing":"TwitchBotDLL is missing or outdated! Please make sure you updated it and installed it right in 'mods' folder.",
	"Chaos": "Chaos",
	"Most_votes_wins": "Most votes wins", 
	"PollGameMode": "Poll Game Mode",
	"RandomEvent":"Random Event"
}
