{
	"Warning" : "Внимание!",
	"OAUTH_Warning_text": "Перед тем как ввести OAUTH код, убедитесь, что его никто не видит. Вы уверены, что хотите продолжить?",
	"Yes":"ДА",
	"No":"НЕТ",
	"OAUTH_code":"OAUTH код",
	"Your_OAUTH_code":"Ваш OAUTH код:",
	"Enter":"Ввести",
	"Cancel":"Отмена",
	"Settings":"Настройки",
	"Twitch_login":"Логин Твич",
	"Twitch_Chat_in_game":"Чат Твича в игре",
	"Channel_Points":"Баллы канала",
	"Launch_bot_on_game_start":"Запускать бота при запуске игры",
	"SET_OAUTH_KEY":"OAUTH КОД",
	"LAUNCH_BOT":"ВКЛ БОТА",
	"STOP_BOT":"ВЫКЛ БОТА",
	"EXTRA_SETTINGS":"ДОП. НАСТРОЙКИ",
	"CREATE_NEW_REWARD":"НОВАЯ НАГРАДА",
	"Channel_Points_Rewards":"Награды за баллы канала",
	"REWARD":"НАГРАДА",
	"Title":"Заголовок",
	"Description":"Описание",
	"Cost":"Цена",
	"Tactic_mode":"Подход",
	"Stealth":"Стелс",
	"Loud":"Громко",
	"StealthLoud":"Стелс и громко",
	"Enabled":"Включена",
	"Color":"Цвет",
	"Max_per_stream":"Максимум за стрим",
	"Max_per_user_per_stream":"Максимум для зрителя",
	"Global_cooldown_minutes":"Кулдаун(минуты)",
	"Should_redemptions_skip_request_queue":"Пропуск очереди наград",
	"ADD_NEW_EFFECT":"ДОБАВИТЬ НОВЫЙ ЭФФЕКТ",
	"Effects":"Эффекты",
	"Response":"Поле для ошибок: ",
	"OK":"ОК",
	"ERROR_cant_load_reward":" - ОШИБКА: невозможно загрузить награду",
}
