{
	"id": "sniper",
	"Name":"Zeal sniper",
	"Description":"Spawn Zeal sniper from Crime Spree",
	"TIM":
	{
		"Count":
		{
			"Name":"Count",
			"Type":"NumberBox",
			"LessThanZero":false,
			"defaultValue":1,
			"maxValue":100
		},
		"immortal":
		{
			"Name":"Immortal time",
			"Type":"NumberBox",
			"LessThanZero":false,
			"defaultValue":0
		},
		"spawnType":
		{
			"Name":"Spawn type",
			"Type":"ComboBox",
			"Items":
			[
				{
					"name":"onPlayer",
					"text":"On player"
				},
				{
					"name":"inFront",
					"text":"In front of the player"
				}
			]
		}
	}
}