{
	"id": "dozersafe",
	"Name":"Dozer safe",
	"Description":"Starts a roulette in HUD and spawns a random dozer with random statboost",
	"Category":"Safes",
	"TIM":
	{	
		"Count":
		{
			"Name":"Count",
			"Type":"Slider",
			"step":1,
			"floats":0,
			"minValue":1,
			"defaultValue":1,
			"maxValue":5
		},
		"HealthBoost":
		{
			"Name":"Health Boost(%)",
			"Type":"Slider",
			"step":1,
			"floats":0,
			"minValue":1,
			"defaultValue":50,
			"maxValue":1000
		},
		"DamageBoost":
		{
			"Name":"Damage Boost(%)",
			"Type":"Slider",
			"step":1,
			"floats":0,
			"minValue":1,
			"defaultValue":50,
			"maxValue":1000
		},
		"AccuracyBoost":
		{
			"Name":"Accuracy Boost(xTimes)",
			"Type":"Slider",
			"step":1,
			"floats":0,
			"minValue":2,
			"defaultValue":3,
			"maxValue":10
		},
		"ImmortalBoost":
		{
			"Name":"Immortal Boost(sec)",
			"Type":"Slider",
			"step":1,
			"floats":0,
			"minValue":5,
			"defaultValue":20,
			"maxValue":50
		},
		"CountBoost":
		{
			"Name":"Count Boost (xTimes)",
			"Type":"Slider",
			"step":1,
			"floats":0,
			"minValue":2,
			"defaultValue":2,
			"maxValue":5
		},
		"immortal":
		{
			"Name":"Immortal time",
			"Type":"NumberBox",
			"LessThanZero":false,
			"defaultValue":0
		},
		"ShieldBoost":
		{
			"Name":"Shield boost",   
			"Type":"ComboBox",
			"defaultValue":1,
			"Items":
			[
				{
					"name":"units/pd2_dlc_vip/characters/ene_acc_shield_phalanx/ene_acc_shield_phalanx",
					"text":"Winters shield"
				},
				{
					"name":"units/payday2/characters/ene_acc_shield_lights/ene_acc_shield_lights",
					"text":"Overkill shield"
				},
				{
					"name":"units/payday2/characters/ene_acc_shield_small/shield_small",
					"text":"Normal shield"
				}
			]
		},
		"enableMusic":
		{
			"Name":"Music",
			"Type":"Toggle",
			"defaultValue":true
		}
	}
}