{
	"id": "weaponsafe",
	"Name":"Weapon safe",
	"Description":"Starts a roulette in HUD and gives you a random weapon for few seconds",
	"Category":"Safes",
	"TIM":
	{	
		"Timer":
		{
			"Name":"Timer",
			"Type":"Slider",
			"step":1,
			"floats":0,
			"minValue":1,
			"defaultValue":1,
			"maxValue":120
		},
		"inventory":
		{
			"Name":"Inventory weapons only",
			"Type":"Toggle",
			"defaultValue":false
		},
		"enableMusic":
		{
			"Name":"Music",
			"Type":"Toggle",
			"defaultValue":true
		}
	}
}