{
	"id": "grenade",
	"Name":"Frag grenade",
	"Description":"Spawn frag grenade",
	"Category":"Grenades",
	"TIM":
	{
		"Count":
		{
			"Name":"Count",
			"Type":"NumberBox",
			"minValue":1,
			"defaultValue":1,
			"maxValue":15
		},
		"spawnType":
		{
			"Name":"Spawn type",
			"Type":"ComboBox",
			"defaultValue":1,
			"Items":
			[
				{
					"name":"onPlayer",
					"text":"On player"
				},
				{
					"name":"inFront",
					"text":"In front of the player"
				}
			]
		}
	}
}