{
	"id": "smoke",
	"Name":"Smoke grenade",
	"Description":"Spawn smoke grenade",
	"TIM":
	{
		"Count":
		{
			"Name":"Count",
			"Type":"NumberBox",
			"LessThanZero":false,
			"defaultValue":1,
			"maxValue":100
		},
		"Duration":
		{
			"Name":"Duration",
			"Type":"NumberBox",
			"LessThanZero":false,
			"defaultValue":1
		},
		"spawnType":
		{
			"Name":"Spawn type",
			"Type":"ComboBox",
			"defaultValue":1,
			"Items":
			[
				{
					"name":"onPlayer",
					"text":"On player"
				},
				{
					"name":"inFront",
					"text":"In front of the player"
				}
			]
		}
	}
}