{
	"id": "shield",
	"Name":"Shield",
	"Description":"Spawn shield of chosen type",
	"Category":"Units",
	"TIM":
	{
		"Count":
		{
			"Name":"Count",
			"Type":"NumberBox",
			"minValue":1,
			"defaultValue":1,
			"maxValue":15
		},
		"immortal":
		{
			"Name":"Immortal time",
			"Type":"NumberBox",
			"minValue":0,
			"defaultValue":0
		},
		"spawnType":
		{
			"Name":"Spawn type",
			"Type":"ComboBox",
			"defaultValue":1,
			"Items":
			[
				{
					"name":"onPlayer",
					"text":"On player"
				},
				{
					"name":"inFront",
					"text":"In front of the player"
				}
			]
		},
		"shieldType":
		{
			"Name":"Shield type",
			"Type":"ComboBox",
			"defaultValue":1,
			"Items":
			[
				{
					"name":"units/payday2/characters/ene_city_shield/ene_city_shield",
					"text":"City shield"
				},
				{
					"name":"units/pd2_dlc_vip/characters/ene_phalanx_1/ene_phalanx_1",
					"text":"Winters shield"
				}
			]
		}
	}
}