{
	"id": "gas",
	"Name":"Gas grenade",
	"Description":"Spawn gas grenade",
	"TIM":
	{
		"radius":
		{
			"Name":"Radius (metres)",
			"Type":"NumberBox",
			"LessThanZero":false,
			"defaultValue":1
		},
		"damage":
		{
			"Name":"Damage",
			"Type":"NumberBox",
			"LessThanZero":false,
			"defaultValue":0
		},
		"duration":
		{
			"Name":"Duration (sec)",
			"Type":"NumberBox",
			"LessThanZero":false,
			"defaultValue":1
		},
		"spawnType":
		{
			"Name":"Spawn type",
			"Type":"ComboBox",
			"Items":
			[
				{
					"name":"onPlayer",
					"text":"On player"
				},
				{
					"name":"inFront",
					"text":"In front of the player"
				}
			]
		}
	}
}