{
	"id": "cloaker", 
	"Name":"Cloaker",
	"Description":"Spawn cloaker",
	"Category":"Units",
	"TIM":
	{
		"Count":
		{
			"Name":"Count",
			"Type":"NumberBox",
			"minValue":1,
			"defaultValue":1,
			"maxValue":15
		},
		"immortal":
		{
			"Name":"Immortal time",
			"Type":"NumberBox",
			"minValue":0,
			"defaultValue":0
		},
		"spawnType":
		{
			"Name":"Spawn type",
			"Type":"ComboBox",
			"defaultValue": 1,
			"Items":
			[
				{
					"name":"onPlayer",
					"text":"On player"
				},
				{
					"name":"inFront",
					"text":"In front of the player"
				}
			]
		},
		"headless":
		{
			"Name":"Headless",
			"Type":"Toggle",
			"defaultValue":false
		}
	}
}